model,f1,recall
baseline,0.6942242355605889,0.6009803921568627
lr,0.7598209845847836,0.7490196078431373
rfc,0.7583756345177665,0.7323529411764705
xgbc,0.7387208725830441,0.7303921568627451
